{"rmse": 0.9525897008089568, "mae": 0.7576178740453721}